{
    "duration": 9435,
    "initialFoodCount": 92,
    "initialAliveCount": 69,
    "initialAlivePredatorCount": 0,
    "initialAlivePreyCount": 69,
    "foodCount": 88,
    "aliveCount": 69,
    "deadCount": 0,
    "preyConsumedCount": 0,
    "foodConsumptions": [
        {
            "time": 1396,
            "position": {
                "x": 166.5601348876953,
                "y": 4.6898193359375,
                "z": 182.59722900390626
            }
        },
        {
            "time": 2541,
            "position": {
                "x": 119.59855651855469,
                "y": 6.166234970092773,
                "z": 189.26260375976563
            }
        },
        {
            "time": 5566,
            "position": {
                "x": 75.35377502441406,
                "y": 5.422842025756836,
                "z": 27.17969512939453
            }
        },
        {
            "time": 7059,
            "position": {
                "x": 80.29337310791016,
                "y": 5.891260147094727,
                "z": 39.324886322021487
            }
        }
    ],
    "deaths": []
}