{
    "duration": 11559,
    "initialFoodCount": 92,
    "initialAliveCount": 69,
    "initialAlivePredatorCount": 0,
    "initialAlivePreyCount": 69,
    "foodCount": 89,
    "aliveCount": 69,
    "deadCount": 0,
    "preyConsumedCount": 0,
    "foodConsumptions": [
        {
            "time": 1368,
            "position": {
                "x": 166.5601348876953,
                "y": 4.6898193359375,
                "z": 182.59722900390626
            }
        },
        {
            "time": 3727,
            "position": {
                "x": 136.40960693359376,
                "y": 8.490459442138672,
                "z": 142.9661102294922
            }
        },
        {
            "time": 5988,
            "position": {
                "x": 169.62261962890626,
                "y": 5.699460983276367,
                "z": 11.416221618652344
            }
        }
    ],
    "deaths": []
}